,rank,pl_team,games played,games won,games drawn,games lost,goals for,goals against,goal diff,total points
0,1,Chelsea,10,8,1,1,26,3,23,25
1,2,Liverpool,10,6,4,0,29,8,21,22
2,3,Manchester City,10,6,2,2,20,6,14,20
3,4,West Ham United,10,6,2,2,20,11,9,20
4,5,Manchester United,10,5,2,3,19,15,4,17
5,6,Arsenal,10,5,2,3,12,13,-1,17
6,7,Wolverhampton Wanderers,10,5,1,4,11,10,1,16
7,8,Brighton and Hove Albion,10,4,4,2,11,11,0,16
8,9,Tottenham Hotspur,10,5,0,5,9,16,-7,15
9,10,Everton,10,4,2,4,16,16,0,14
10,11,Leicester City,10,4,2,4,15,17,-2,14
11,12,Brentford,10,3,3,4,12,12,0,12
12,13,Crystal Palace,10,2,6,2,13,14,-1,12
13,14,Southampton,10,2,5,3,9,12,-3,11
14,15,Aston Villa,10,3,1,6,14,19,-5,10
15,16,Watford,10,3,1,6,12,18,-6,10
16,17,Leeds United,10,2,4,4,10,17,-7,10
17,18,Burnley,10,1,4,5,10,16,-6,7
18,19,Newcastle United,10,0,4,6,11,23,-12,4
19,20,Norwich City,10,0,2,8,3,25,-22,2
