title,views,posted
"Making The Popeyes Chicken Sandwich At Home, But Better",10M views,1 year ago
How To Make Proper Croissants Completely By Hand,7.9M views,3 years ago
How to Make The Best Hot Chocolate Of All Time (4 ways),7.5M views,2 years ago
Making The Chipotle Burrito At Home | But Better,6.6M views,1 year ago
The Ultimate Sourdough Starter Guide,5.7M views,3 years ago
Cheap And Healthy Meals That Even A College Student Could Make,5.6M views,1 year ago
Making McDonald's Chicken McNuggets At Home | But Better,5.4M views,1 year ago
How to Make Perfect Beef Wellington,5.3M views,2 years ago
The Easy Guide On Seasoning and Restoring Cast Iron,5.2M views,2 years ago
Recreating Levain Chocolate Chip Cookies Feat. Binging with Babish,5.1M views,1 year ago
Making In-N-Out Burgers At Home | But Better,4.9M views,1 year ago
How To Out Pizza The Hut (and Dominos) | But Better,4.8M views,1 year ago
The Juiciest Homemade Birria Quesa Tacos,4.5M views,1 year ago
The Easiest Homemade Chicken Katsu,4.4M views,2 years ago
4 Ingredient Homemade Mochi Ice Cream,4.4M views,2 years ago
Making The Wendy's Baconator At Home | But Better,4.4M views,1 year ago
How To Make Real Tonkotsu Ramen,4.4M views,3 years ago
4 Million Subscriber Special: American Vs. Full English Breakfast,4.3M views,5 months ago
Beginners Guide To Real Knife Sharpening,4.1M views,3 years ago
How To Make The Best Burger Buns Of All Time,4.1M views,2 years ago
Making Chick-Fil-A Nuggets at Home | But Better,4.1M views,1 year ago
Making The Subway Meatball Sub At Home | But Better,4M views,1 year ago
Making The McDonald's McGriddle At Home | But Better,4M views,1 year ago
Cooking Challenge Against My Girlfriend Who Doesn't Cook,3.9M views,7 months ago
Making Panda Express Orange Chicken At Home | But Better,3.8M views,1 year ago
Making The KFC Famous Bowl At Home | But Better,3.7M views,1 year ago
30 Minute Homemade Fresh Mozzarella Cheese,3.7M views,2 years ago
Making Starbucks Drinks At Home | But Better,3.5M views,11 months ago
Making The McDonald's Big Mac At Home | But Better,3.5M views,4 months ago
Making The Taco Bell Crunchwrap Supreme At Home | But Better,3.5M views,1 year ago
